file,duration_s,mfcc1_mean,mfcc1_std,mfcc2_mean,mfcc2_std,mfcc3_mean,mfcc3_std,mfcc4_mean,mfcc4_std,mfcc5_mean,mfcc5_std,mfcc6_mean,mfcc6_std,mfcc7_mean,mfcc7_std,mfcc8_mean,mfcc8_std,mfcc9_mean,mfcc9_std,mfcc10_mean,mfcc10_std,mfcc11_mean,mfcc11_std,mfcc12_mean,mfcc12_std,mfcc13_mean,mfcc13_std,centroid_mean,bandwidth_mean,rolloff_mean,zcr_mean,rms_mean,f0_mean,status
0_george_0.wav,0.298,-166.50888,32.037853,126.14557,27.95058,-81.059814,34.048298,82.421265,40.27225,-9.434951,9.995614,-45.66973,19.605957,-0.20910645,16.437408,-56.204704,17.890982,-19.411854,12.686946,-22.706562,9.516428,-44.802876,14.878141,8.117883,7.188794,-15.155691,16.738258,1386.728487008754,1088.568055409211,2598.4375,0.076953125,0.25655523,160.33832202518818,ok
0_jackson_0.wav,0.64,-246.63614,89.260475,173.08987,33.66793,-36.092278,47.98888,24.431131,35.742245,-1.2175909,12.604694,-22.96137,20.237614,-12.417949,13.159983,-32.7612,15.987624,-7.0210476,4.752777,-16.484806,4.4014893,-27.954079,10.259276,-3.2553172,9.274593,-12.420022,7.44382,745.3399584982604,758.3929875722774,1422.6190476190477,0.04538690476190476,0.1496817,109.96260082928003,ok
0_lucas_0.wav,0.507375,-230.54506,81.73955,176.0893,50.11739,-67.652626,32.945755,52.291603,49.893658,11.887113,17.075365,-32.25314,12.415078,7.614136,21.953712,-23.166172,13.627943,-6.2012396,6.6610246,0.6426234,7.2747207,-18.679985,14.273838,6.334612,6.533665,-2.5724683,6.583879,1131.1450077847735,829.0165148806916,2015.13671875,0.098785400390625,0.15563439,116.52595174058679,ok
0_nicolas_0.wav,0.4375,-177.5499,29.337563,162.61453,21.251795,-46.63866,12.145969,80.52842,8.961431,-8.438714,8.751157,-17.768583,8.488256,18.133615,9.0883255,-40.485996,8.230295,3.2520943,6.5473075,-12.247937,6.4817257,-32.881817,7.595899,11.745819,3.445532,-12.751585,3.7360969,967.5467434057952,1119.3496422151588,2430.245535714286,0.05182756696428571,0.21671271,129.64018177235621,ok
0_theo_0.wav,0.39275,-154.86955,26.860546,185.13437,22.288294,-70.71351,17.627758,62.393692,34.170353,-1.924778,16.264612,-17.201109,12.614718,6.990427,17.85111,-46.638668,11.105947,4.460254,6.8737803,-8.2088175,5.2993603,-27.260715,14.290925,13.562082,7.849555,-14.843119,6.2455463,1043.230616826876,1004.5671183676384,2283.653846153846,0.059420072115384616,0.23245953,131.69181346388714,ok
0_yweweler_0.wav,0.387875,-196.43263,76.35884,201.07669,33.036633,-62.99876,44.076492,26.3447,29.508612,-11.919636,24.65596,-32.974766,11.841908,6.5252123,13.76473,-27.02174,12.475933,-9.117058,13.695029,-8.420167,9.5019,-20.550323,8.6992445,6.9053807,7.8351417,-6.90819,8.391265,883.071550703946,767.5079363932111,1578.7259615384614,0.05926983173076923,0.17840292,103.70829765646211,ok
1_george_0.wav,0.5685,-239.01581,62.725407,174.38083,16.181986,-101.166916,48.549946,25.712765,9.93806,-22.950605,25.410267,-38.26674,10.056389,-7.292895,12.797567,-56.16672,15.878198,-5.607983,10.727694,-11.746956,8.012291,-42.238132,8.399591,0.9167043,8.892136,-23.023024,7.70342,1025.5137266354104,854.382393786402,1903.6458333333333,0.07147894965277778,0.12210984,162.37935284402695,ok
1_jackson_0.wav,0.51725,-245.27992,58.126183,212.98479,26.860104,-27.743233,35.94127,14.741573,15.288343,-21.216093,30.672083,-28.824465,12.622194,3.3192902,11.032084,-19.832607,14.55002,-2.7235348,9.316728,-11.3076515,6.2954917,-21.354202,9.830061,4.840843,7.3730645,-11.313464,5.784762,657.9585757780264,651.8764249854469,1099.7242647058824,0.04923023897058824,0.13658103,100.78365520646423,ok
1_lucas_0.wav,0.28175,-273.86887,103.293304,184.96298,49.621784,-41.080227,40.43329,35.136726,10.795502,-21.332085,31.465263,-44.490433,14.815549,27.281744,15.277187,-9.164862,8.248988,-16.794075,11.873572,15.036015,3.8322716,0.95304745,10.880955,-6.1334667,10.061195,-8.06892,4.309862,888.684569161372,816.5247384755888,1763.0208333333333,0.052191840277777776,0.12464886,111.64574394422904,ok
1_nicolas_0.wav,0.366125,-175.59296,39.261143,188.83327,27.263464,-60.4951,20.493637,51.82133,29.891031,-24.867323,23.414732,-14.1889305,10.31727,18.555233,9.4934635,-46.067013,6.0716805,5.639707,6.525838,-4.2151546,7.376051,-21.923319,7.019467,15.3959875,6.8959665,-12.501573,4.6968293,984.086995589532,997.19403893549,2030.5989583333333,0.0751953125,0.1640007,115.46250345133936,ok
1_theo_0.wav,0.23575,-175.45505,59.27715,208.04016,24.943441,-69.43977,41.57748,42.906364,14.000999,-29.211342,23.477612,-27.09492,9.436384,30.814877,12.252786,-31.701735,11.378625,-0.1346674,6.862041,10.307625,15.4081,-17.928324,6.069225,0.72473526,5.6660867,-15.89181,5.890077,890.2746411506264,879.1262730150409,1703.125,0.05419921875,0.20236345,135.0046577632285,ok
1_yweweler_0.wav,0.32,-255.92285,101.30358,193.782,51.420383,-60.094643,38.77178,18.647453,24.795895,-29.171925,23.296146,-19.288206,13.734299,28.255104,11.219121,-29.070948,8.923824,-4.6043973,7.7793145,5.553104,9.769298,-17.550705,4.204525,3.8524055,7.488488,-8.879783,3.460106,948.7029514170255,841.8671968445832,1698.153409090909,0.08140980113636363,0.11572437,129.53373276186235,ok
2_george_0.wav,0.330375,-208.94061,71.93508,139.86568,11.330539,-64.311584,41.751842,38.137337,12.572464,-35.605877,21.76708,-34.777554,13.625199,13.131414,13.429133,-56.427563,25.177341,-26.54609,9.903811,-16.980537,5.7822833,-48.008224,14.357788,-10.1317,10.037845,-17.465446,5.4332156,1075.3998257851513,1026.3447506077214,2350.1420454545455,0.05894886363636364,0.21274163,168.6488639555046,ok
2_jackson_0.wav,0.49875,-197.39395,51.49012,174.46066,32.03102,-78.7182,27.707167,67.44923,24.122477,0.34341288,21.147884,-41.60516,12.657438,-11.837034,12.711889,-33.73735,14.028847,13.664591,11.086097,-16.791817,4.961931,-38.922993,13.744821,5.5834694,4.6001186,-22.82359,9.962643,1207.082138759426,960.9526457207328,2207.03125,0.09222412109375,0.16821891,111.19001973898513,ok
2_lucas_0.wav,0.342625,-262.27054,104.893814,147.27794,43.72156,-49.901463,41.246857,64.55303,25.406437,29.75877,18.523184,-20.145071,18.971426,8.574375,20.57056,-19.404528,11.544339,-7.873364,6.975105,0.13314845,8.247067,-18.196516,13.829896,-4.3025455,8.182738,-11.756759,7.525678,1074.8784949958315,847.9773489917247,1933.2386363636363,0.07719282670454546,0.14194952,124.55404657425804,ok
2_nicolas_0.wav,0.357,-206.17723,23.27758,141.73,20.612892,-45.66347,18.651087,74.74802,5.236476,-3.090317,5.809757,-4.3854275,9.935906,22.45819,9.278131,-39.577778,10.682467,3.657854,14.432462,-11.359399,9.823006,-31.877419,7.947141,7.6216393,10.409268,-17.966154,10.3857,1138.053539018181,1135.0365255332983,2399.0885416666665,0.08125813802083333,0.16990304,158.53717920926334,ok
2_theo_0.wav,0.244125,-206.21634,49.32436,169.65125,24.07917,-77.25856,42.15575,95.3989,24.323832,-7.051777,23.642584,-23.18164,19.534002,23.083986,19.472385,-46.005936,12.198153,0.8152013,11.117657,-17.586954,10.640855,-32.2204,7.6610413,15.047424,15.377755,-27.28524,7.1775193,1418.8465209443457,996.1323654585043,2372.0703125,0.1234130859375,0.16902892,144.78514641280933,ok
2_yweweler_0.wav,0.274875,-218.38815,89.32885,180.4837,42.736492,-55.813656,43.16802,42.919792,21.863964,-7.0466213,17.676916,-20.956366,4.201585,17.513117,7.270456,-28.337248,16.151731,-8.694213,13.614433,-11.361925,12.11224,-26.033083,6.962994,2.4845116,9.847828,-15.183097,3.7824152,969.0993549284817,890.3249217496701,1812.5,0.0675998263888889,0.15137933,148.2315497543435,ok
3_george_0.wav,0.416,-220.62154,81.404686,113.45223,22.083847,-84.1208,39.733532,79.25079,24.883982,-8.757452,12.019464,-48.077854,18.349642,-7.7688785,7.924243,-58.568047,18.695147,-11.153123,6.8324637,-19.929794,8.783749,-50.81427,13.72559,0.46758536,6.998139,-23.121996,4.2649794,1524.2020585713642,1214.995586944711,3051.8973214285716,0.09221540178571429,0.15474407,165.70268812865672,ok
3_jackson_0.wav,0.48575,-182.70096,34.17662,178.2852,13.496522,-49.082985,21.410028,65.896935,22.966309,-11.092955,23.626562,-46.440887,14.856636,-2.996647,14.496413,-29.965569,7.8776917,1.1308074,5.9980664,-18.320503,8.996813,-37.437344,9.578709,2.8574061,10.117518,-15.655569,6.144757,933.0920392151534,967.7988260513728,2082.51953125,0.053253173828125,0.21493468,106.46621380989897,ok
3_lucas_0.wav,0.3925,-241.39908,103.14075,171.96036,42.730972,-79.6765,42.829426,81.33658,28.767904,14.640554,17.513885,-40.556046,16.390415,19.733177,13.954038,-26.097725,13.27943,-11.577565,12.913396,4.427001,12.163532,-22.094261,15.044354,3.10325,5.367723,-4.2818546,4.615787,1238.18657802292,1036.453861584504,2535.456730769231,0.09532752403846154,0.11064298,117.9438484754929,ok
3_nicolas_0.wav,0.3305,-170.74098,28.355934,160.8572,26.704493,-58.75541,14.12139,83.444885,9.773515,-3.5577605,4.4820814,-15.878773,14.954758,12.651951,13.14572,-42.626358,11.997727,7.298013,7.6718063,-10.346933,6.681009,-29.641665,8.005707,11.285588,5.5706973,-16.728401,7.59276,1122.397457278674,1148.4498520483676,2583.096590909091,0.07066761363636363,0.20397323,136.4691178102723,ok
3_theo_0.wav,0.241375,-175.42773,29.245348,169.81204,14.715355,-67.32039,13.445051,96.12848,22.727528,1.6585779,15.58335,-38.619896,9.512206,9.490849,16.96134,-29.113436,5.431844,-1.2170343,11.75028,-25.925522,12.148573,-29.30325,11.216239,12.3052,8.892955,-21.263115,12.389196,1221.6117788946333,1147.6111852590043,2524.4140625,0.0863037109375,0.20532057,141.74958272581335,ok
3_yweweler_0.wav,0.295875,-201.18854,78.19483,184.58322,31.094217,-68.7448,35.119244,88.26859,26.533218,-9.493657,5.772762,-39.332375,17.212925,23.611622,10.986352,-38.499733,6.8871546,-11.242922,4.500464,-9.65406,4.90862,-27.742315,11.291434,6.9969573,5.4282417,-20.708677,5.6799927,1129.1108144121251,1089.818777914898,2512.5,0.070849609375,0.16183236,102.11061413619755,ok
4_george_0.wav,0.384,-215.29468,66.88712,141.76477,18.97117,-63.979233,26.25123,18.215672,9.063684,-32.794365,34.303307,-40.445236,18.31388,-5.9856877,19.079714,-51.845573,11.676313,-24.907705,6.3359394,-15.357626,8.006732,-34.015175,15.164338,-3.4937098,5.505274,-10.557628,5.553759,957.3694123598113,913.5052869870276,1912.860576923077,0.06497896634615384,0.2310726,161.9022572831248,ok
4_jackson_0.wav,0.448,-198.83502,57.466465,209.12914,30.726175,-74.21106,18.330359,8.796091,14.631125,-19.964949,28.22716,-44.31104,14.91416,-8.32694,10.349855,-13.914956,6.053289,9.187149,5.4369416,-17.308167,14.010617,-26.205353,10.901188,12.094583,11.349612,-10.5390625,10.810309,894.9673688737777,717.8035122842103,1463.0208333333333,0.07994791666666666,0.18880698,107.98906960171689,ok
4_lucas_0.wav,0.256,-231.74786,95.20728,210.39528,46.364746,-32.71941,36.78313,30.403124,7.843024,-37.592056,25.021957,-50.64897,20.410074,26.707405,4.963944,-7.206281,10.692935,-7.6677837,6.307042,8.4384575,10.252065,-8.675251,7.6271544,-0.2627646,7.898606,-3.6171582,4.9104443,849.0464326682836,770.3081526146229,1345.486111111111,0.062445746527777776,0.16988623,,ok
4_nicolas_0.wav,0.311625,-203.96819,41.132137,196.24103,33.9739,-43.97998,10.126245,40.62448,16.276878,-46.014168,17.011799,-38.30799,14.812159,14.385241,5.964733,-27.419674,4.5140166,13.322538,3.0177085,-5.6028914,5.1942368,-23.869162,4.6327543,16.227312,3.0302699,-8.721556,3.7429726,925.6273999846846,884.0214626697134,1691.40625,0.068212890625,0.15025201,,ok
4_theo_0.wav,0.27375,-202.90121,22.61375,205.72932,22.653418,-27.415367,26.858162,13.634143,16.072681,-37.228477,23.28796,-30.524523,21.451136,9.574556,7.8988357,-22.248924,5.2424817,-1.0593101,12.972243,-12.798634,13.80951,-23.327854,7.9161377,4.9399853,13.283273,-11.3344145,6.0898557,749.7215034443899,610.4123696374992,1105.0347222222222,0.06559244791666667,0.19772059,,ok
4_yweweler_0.wav,0.377875,-225.48303,53.65471,205.39307,35.64686,-30.705782,20.322952,14.794154,16.990286,-44.366764,24.723318,-38.97045,23.735672,17.534025,5.3416085,-17.416351,12.580923,-2.917923,11.03971,-1.3475031,9.981859,-13.686859,5.3604116,6.92014,9.224623,-5.720684,5.306588,817.2451998679013,678.1527164046496,1254.5572916666667,0.07259114583333333,0.14336565,,ok
5_george_0.wav,0.48,-246.10802,86.39892,137.72485,30.604462,-114.43451,42.061054,34.92536,26.755888,-28.758091,27.006662,-46.536823,16.128595,-8.0124855,16.214903,-62.107544,9.726987,-10.42403,8.097036,-12.112875,9.941661,-36.432217,9.18477,7.0334,5.991327,-24.444946,7.9602566,1330.3120962592702,1033.4126942334572,2612.3046875,0.093048095703125,0.12652932,155.39435780549798,ok
5_jackson_0.wav,0.416,-190.71822,77.99395,193.14926,30.799736,-78.096794,31.911894,36.031757,9.612813,-9.82988,20.603485,-43.14591,7.0959325,-6.245395,9.804502,-24.91294,9.121804,11.258261,10.752233,6.239007,6.6292524,-14.132432,6.8729315,-3.059196,5.0677743,-21.579283,14.676593,1020.5768030976323,875.002624747008,1928.013392857143,0.08478655133928571,0.13504866,,ok
5_lucas_0.wav,0.352,-240.9535,83.36794,193.70015,58.07162,-98.85531,29.045391,47.300186,25.790176,0.023358664,21.405956,-41.63796,11.144043,24.276014,21.659346,-17.87224,6.8809776,-8.873549,8.5791025,11.477254,3.9803972,-11.451008,4.653644,3.863057,6.7156363,-6.153116,6.8199234,1290.42190654643,870.6794293289207,2195.3125,0.12308756510416667,0.096825264,118.21120307722005,ok
5_nicolas_0.wav,0.3415,-187.13348,58.470844,211.1025,35.359142,-102.33908,24.204752,42.8292,27.658976,-30.96248,20.567024,-16.335997,5.67478,28.184996,9.791768,-43.51881,9.168829,15.146842,8.256053,4.4123206,6.2466145,-18.322435,5.3503246,17.497965,4.015982,-24.91742,5.6936336,1148.0066732146918,974.7434493642937,2090.1988636363635,0.09641335227272728,0.1282162,121.5414401694447,ok
5_theo_0.wav,0.303375,-160.7865,52.778023,217.33464,23.21421,-108.93024,21.471472,26.889973,14.884824,-19.265564,11.997261,-33.48609,3.2574894,13.980597,7.949915,-29.650234,11.720205,10.546555,5.9693975,11.7960005,2.8895698,-8.836553,4.3892813,4.0712767,10.695412,-22.823305,14.605031,1083.8418687455155,818.6384399721319,1857.03125,0.094970703125,0.1585695,132.44976195786904,ok
5_yweweler_0.wav,0.303125,-233.4467,87.16766,210.82437,44.1614,-98.77694,29.004965,23.89616,19.199163,-33.66497,15.499153,-28.469189,12.037544,27.670792,17.940376,-32.0133,9.915157,5.7902513,7.259768,10.487729,5.4926476,-12.742144,3.5731235,11.229401,10.364997,-13.067128,5.0099864,1116.5724621093136,832.9652264855022,1842.96875,0.107177734375,0.09702765,143.45476339874546,ok
6_george_0.wav,0.448,-229.49774,53.043285,95.24498,23.30405,-91.212975,23.009228,70.116905,29.793724,-7.3712373,9.529241,-39.39146,18.883612,-5.862233,9.305946,-51.958,12.385947,-6.8202305,13.322194,-28.2576,9.378221,-48.87952,10.122825,10.353272,6.3537846,-23.349827,6.9451118,1812.5206553550383,1131.089121076769,3110.9375,0.1447265625,0.14287071,167.40928780047255,ok
6_jackson_0.wav,0.256,-207.18486,77.2102,158.8467,29.661865,-64.24876,20.323145,54.75867,18.407803,-1.5847478,11.035648,-50.00222,11.903067,-33.32543,4.2884116,-41.522137,23.11411,9.229221,3.6305108,-9.097224,9.026073,-18.91095,6.293907,12.770732,5.6848207,-13.9331665,1.7432752,1135.0776443303666,976.0051613663077,2133.6805555555557,0.10096571180555555,0.17769061,,ok
6_lucas_0.wav,0.384,-239.80591,63.076363,132.6625,46.72023,-87.36715,17.374107,72.07751,14.907535,-5.4832044,10.00732,-34.14128,9.65952,21.39446,6.553882,-33.58211,5.59923,-5.2765503,5.0074487,3.124278,7.0648193,-18.619448,6.8293047,7.3468475,4.020481,-9.482428,3.726754,1740.968678607217,1016.4135731146303,2888.221153846154,0.19854266826923078,0.08290765,123.15612119817797,ok
6_nicolas_0.wav,0.21525,-179.29158,43.816013,159.65443,25.536194,-64.1061,19.820477,90.58838,17.387444,-19.18346,7.726892,-44.480946,21.018816,15.955902,4.0860014,-41.509144,12.214137,-7.600487,15.705895,-10.880478,5.3210506,-25.376158,9.402579,8.95093,10.841268,-18.9877,6.3235083,1308.0402647704668,1169.2631414173131,2947.5446428571427,0.10309709821428571,0.18100129,,ok
6_theo_0.wav,0.491,-213.12985,46.067554,126.99982,45.949306,-78.67135,22.086174,77.155045,15.00965,-23.522043,18.43307,-20.69516,21.365353,21.905796,11.348235,-35.924442,7.178068,16.389837,9.994294,-6.86559,7.24272,-22.044579,7.9376674,23.244987,6.4348197,-11.903656,3.5875373,2133.255207400787,1119.6059147410874,3307.12890625,0.267486572265625,0.09470041,,ok
6_yweweler_0.wav,0.288,-237.57906,117.26325,161.61362,41.77082,-69.7879,36.906128,81.29496,28.18797,-13.895001,9.911584,-43.22873,21.989557,12.873157,5.796821,-38.458057,15.885849,-5.5878077,10.964093,-12.364111,8.036123,-29.342243,12.367284,11.961802,7.55645,-11.377101,8.300367,1356.2735571357393,1177.29435988739,2858.59375,0.12646484375,0.12994255,,ok
7_george_0.wav,0.544,-252.32227,78.01911,120.8708,14.295672,-87.423325,40.68376,43.281612,15.92492,-5.7339153,13.122221,-37.329803,15.783275,-27.863033,4.0067506,-60.124466,21.5233,0.5957068,8.286932,-17.196556,5.6924734,-46.836136,13.752383,4.8805766,9.791278,-13.527932,5.767529,1269.3436490040867,1027.0928570276778,2476.128472222222,0.0874294704861111,0.12685645,163.19428130175424,ok
7_jackson_0.wav,0.432125,-203.21048,58.853317,204.74202,23.772633,-49.128826,33.647854,37.524902,7.2983475,-0.5302443,11.837428,-40.100277,9.271635,-16.74094,12.406497,-28.54173,8.998033,6.805703,12.820573,8.091101,8.785866,-13.115791,4.552843,-5.428918,5.9979877,-10.308968,8.522814,783.9238605663356,725.6300406455675,1387.8348214285713,0.06703404017857142,0.14800552,96.3749643260217,ok
7_lucas_0.wav,0.384,-268.17453,114.87587,174.95581,54.784977,-53.208828,38.039795,59.36251,8.991222,10.086252,16.061483,-34.012974,11.015651,8.018938,11.246029,-31.166292,14.63,-20.424814,14.777786,10.597306,4.235099,-1.519006,4.073616,-5.859786,14.292241,-7.09195,6.330003,978.578201282114,902.3707741919463,2136.418269230769,0.0703125,0.10450917,110.24011969037541,ok
7_nicolas_0.wav,0.372375,-205.11568,53.82462,175.10158,34.82355,-64.36634,14.137258,72.96548,5.0815163,-12.937823,7.8348784,-22.642204,17.005888,10.915638,13.938635,-48.191544,11.260562,8.669174,4.162601,-2.3149536,4.382244,-27.46811,6.5685816,16.039787,5.066362,-6.0002,6.591643,1168.9489869162423,1124.2819489065232,2627.6041666666665,0.0911865234375,0.12562539,,ok
7_theo_0.wav,0.4285,-174.65915,63.386032,159.96973,59.08809,-75.02283,24.27171,55.96006,12.480102,-19.581823,14.509139,-27.154318,22.27408,10.196216,14.832915,-34.47697,9.034278,13.824733,8.452225,3.7108788,6.264456,-17.168491,7.2245197,8.470693,11.626351,-13.10006,4.1635523,1567.443099888416,993.3826884838998,2540.1785714285716,0.1689453125,0.16986525,140.86074669308078,ok
7_yweweler_0.wav,0.384,-218.03792,111.261406,180.23308,37.921932,-88.23011,50.683163,42.47381,6.456636,-6.4922614,14.841341,-37.795425,18.35552,7.1147285,5.1557827,-38.96597,13.855466,-5.290089,4.3023825,12.137473,4.785198,-21.588743,5.7153816,-1.5307121,7.1976237,-0.629008,5.260508,1143.011629744765,939.281185281156,2379.8076923076924,0.0821063701923077,0.11094549,102.011085082043,ok
8_george_0.wav,0.416,-264.2819,86.96497,91.39081,17.957964,-56.117886,46.37936,76.7501,20.729809,-13.294478,12.022498,-50.42691,20.83809,-10.51459,5.2296686,-54.209812,14.231673,-16.16767,8.935979,-21.886152,6.1437135,-43.970173,13.552448,8.696549,8.205949,-16.3373,3.598791,1412.3422447743258,1154.5513965479774,2898.4375,0.08286830357142858,0.15912579,154.7417664233169,ok
8_jackson_0.wav,0.32,-225.4772,83.59107,148.11676,25.439856,-30.46564,23.680265,83.5478,24.827187,-20.485395,24.147068,-63.010876,28.560028,5.2500863,8.175048,-15.241098,8.949104,-11.232382,5.851129,-19.865868,9.119957,-21.66914,7.7871113,-0.23904786,5.3819966,-19.013647,10.12285,1076.1125112760142,1069.5452396716926,2425.4261363636365,0.05859375,0.16051616,111.77091163191643,ok
8_lucas_0.wav,0.32,-242.58238,91.35756,173.60324,29.465385,-68.194405,36.267693,96.75437,30.718388,5.113824,7.0821114,-58.97683,17.381056,14.118057,11.503155,-24.57373,11.09956,-17.725533,7.359153,-5.828999,5.406252,-19.442732,6.522569,8.763721,10.463169,-3.1408553,12.988615,1253.980484436504,1048.5002928943259,2549.005681818182,0.09392755681818182,0.10794398,,ok
8_nicolas_0.wav,0.23225,-182.60983,43.898956,184.11444,21.310629,-65.21377,21.7099,94.89154,9.668821,-23.556316,8.912076,-42.139004,27.883429,18.3371,7.463977,-36.35121,11.3369,1.7096968,11.03213,-8.023419,5.3735785,-21.289667,5.2896857,14.085607,5.837662,-15.98473,3.1440117,1112.5783320971493,1128.3921919170953,2679.6875,0.061767578125,0.15856877,112.89036702071202,ok
8_theo_0.wav,0.36225,-205.61485,40.41233,140.4258,16.543627,-62.299305,26.081457,90.977905,24.266731,-21.024778,10.68001,-39.47708,13.585411,26.549088,6.0174384,-36.34266,9.650252,-5.962032,14.929439,-7.4023495,4.1092916,-22.127876,3.3916724,14.148,9.26954,-14.137692,7.005335,1572.70544388531,1184.4158363099516,3102.8645833333335,0.13529459635416666,0.13211264,139.11503729021837,ok
8_yweweler_0.wav,0.2845,-170.04059,41.37453,152.13226,13.627415,-93.92807,15.566171,86.10594,30.177252,-13.075527,9.885341,-47.42653,16.599615,24.7719,9.763757,-36.714756,7.0994678,-11.106225,7.268954,-8.330662,4.9446163,-26.972181,9.542437,13.753269,6.332082,-12.092042,8.327419,1631.0766820129484,1129.8243966816199,2921.875,0.09586588541666667,0.15324897,116.6663186932534,ok
9_george_0.wav,0.523625,-209.03105,70.92021,170.50687,14.386183,-107.306625,43.017456,56.30745,17.282196,-14.018488,19.73594,-43.226295,16.493717,-8.671099,7.049217,-59.96585,13.4197235,-2.6804676,14.106955,-19.43553,7.944162,-51.514725,7.0144744,5.935741,8.795379,-22.974907,5.08803,1184.552421384191,994.6934396959919,2376.3786764705883,0.08188763786764706,0.14411278,80.15606679932847,ok
9_jackson_0.wav,0.603375,-199.64789,58.995007,207.24527,20.765676,-44.71235,39.044075,43.03958,16.37914,-5.7808127,15.291175,-30.384418,11.765526,-2.4728878,8.882463,-30.821918,14.757812,5.0068197,20.167105,-5.669222,8.729577,-29.484594,8.148761,4.9270825,10.139003,-8.443684,6.7574954,717.5141227927496,747.6787133535208,1265.2138157894738,0.05286287006578947,0.17377624,103.52245722811777,ok
9_lucas_0.wav,0.510875,-302.10736,119.95147,182.18439,51.060062,-65.016624,52.7199,51.217922,24.189745,4.647621,17.645,-41.035805,16.456984,21.541725,6.513209,-11.011997,11.799967,-17.518976,18.033834,9.460856,8.793627,-0.6523495,13.281191,-4.797222,9.987258,-9.708395,10.237667,945.0104456743557,881.8143516008467,2018.5546875,0.07562255859375,0.08798594,109.68051366622379,ok
9_nicolas_0.wav,0.416875,-199.63414,56.65877,197.36742,36.406033,-96.242966,33.277504,59.606747,26.177347,-11.735074,10.352714,-15.654154,15.123603,21.714754,11.312791,-42.839428,14.17112,10.794238,8.140426,10.811353,13.314286,-18.805862,7.0233064,6.4303465,6.9745145,-17.802372,4.299571,1087.1520126608837,1001.7486348516976,2186.941964285714,0.08628627232142858,0.13630208,119.85342016234821,ok
9_theo_0.wav,0.384875,-181.68549,60.2812,195.09497,20.744547,-88.01163,35.8378,54.302628,13.229606,-6.9278464,7.6013618,-34.403927,8.474292,12.392526,11.141284,-29.883303,18.146917,8.237205,10.045397,4.023033,8.720805,-20.854534,8.133343,10.120675,4.9861503,-7.6413355,8.215123,1022.0203732432793,920.1666720542871,2000.0,0.06711989182692307,0.16496047,128.02562399113688,ok
9_yweweler_0.wav,0.352,-197.22607,98.92269,202.58922,38.26079,-97.19465,47.82015,41.373466,15.732095,-26.460558,20.19626,-22.623594,10.648918,33.15362,12.15247,-44.661377,19.357834,1.500277,4.7039337,13.793076,11.071987,-24.768793,6.5979533,9.6190815,4.557439,-8.374913,4.673681,1160.9713847571027,991.3826659307888,2479.1666666666665,0.09444173177083333,0.13698861,97.87579725112387,ok
