file,n_landmarks,iod_px,nose_x,nose_y,chin_x,chin_y,eye_r_out_x,eye_r_out_y,eye_l_out_x,eye_l_out_y,eye_r_in_x,eye_r_in_y,eye_l_in_x,eye_l_in_y,mouth_r_x,mouth_r_y,mouth_l_x,mouth_l_y,brow_r_x,brow_r_y,brow_l_x,brow_l_y,forehead_x,forehead_y,mouth_width,face_height,status
face_000.jpg,478,186.39270553858506,0.0,0.0,0.16717186129482015,0.7331979598737196,-0.32938190700106856,-0.5325180514243341,0.6703932059637893,-0.5113113662494738,-0.05869663942878188,-0.4854282594727271,0.3327635796726382,-0.4712438214600813,-0.08492047395051831,0.28300283232095264,0.40839130729962114,0.28544171383848393,-0.3575602130600654,-0.7803806878650593,0.5705254682711195,-0.7608731732901922,0.0629152535420805,-1.1173122354666183,0.4933178100000465,1.8534447451485152,ok
face_001.jpg,478,176.14090155821646,0.0,0.0,0.05261130165528333,0.947962668144831,-0.4800901513435205,-0.4097527640585091,0.5183609493600395,-0.4653890786727018,-0.18358989915074098,-0.40952447645962725,0.21917377319331377,-0.4365664686202198,-0.3459987414024854,0.34710463201029085,0.4469460466386571,0.3258355624377634,-0.504223036181789,-0.6767222943596007,0.5025989725701616,-0.7214701534063388,-0.02823116675427754,-1.0116624268766696,0.793229985692733,1.9612919256797485,ok
face_002.jpg,478,158.20054405941676,0.0,0.0,0.12495490356143349,0.9152758119769746,-0.48007945794733475,-0.4169139354524357,0.5144661295937122,-0.5212167364820997,-0.19643151768086192,-0.42262816260861064,0.21232400469037382,-0.4599507805445793,-0.2548678754767059,0.3656154515824717,0.4324351463311294,0.29215816007630235,-0.4950428051785477,-0.6735292748305881,0.4394281848592119,-0.7811272509875857,-0.07800556087488546,-1.0939878989391334,0.6912173445896769,2.019488452586094,ok
face_003.jpg,478,159.83188511977872,0.0,0.0,0.058748535150034545,0.8410590073625985,-0.481305155540531,-0.4708526338237536,0.5170397752931472,-0.5283626249444139,-0.17769202675698262,-0.4793284491550359,0.19956144578368964,-0.5039827602740882,-0.2265346687122035,0.3081547656697299,0.27803658473947973,0.3082234297239081,-0.4832407983044117,-0.7361021548048,0.47338738178781037,-0.7721345611907504,-0.023273774860069103,-1.0931778914739745,0.5045712581237215,1.9359752168249253,ok
face_004.jpg,478,168.28084386295882,0.0,0.0,-0.03249276015114563,0.9103804965342832,-0.6574898120438124,-0.46391074430053014,0.3410206601394321,-0.5184711414801153,-0.34145225751732583,-0.4827212186473071,0.06511476978319719,-0.507969807110167,-0.4632716911773849,0.3107872709373444,0.22938167071613846,0.2677682203727391,-0.6226234161397701,-0.737815900275226,0.33758406227231524,-0.7798191789823754,-0.13341962451320535,-1.1106294085294306,0.693987981490948,2.023528420436837,ok
face_005.jpg,478,175.08263389624935,0.0,0.0,-0.022065973441477295,0.9570157443508045,-0.44777026626104305,-0.5466239975786078,0.5504683034965485,-0.4872964504498256,-0.16501492833887124,-0.5098097338840624,0.24403039264114829,-0.477443920760354,-0.2733908404743644,0.4136197299170845,0.28247260821712955,0.46231638021246074,-0.4395277113252821,-0.7682403282339699,0.5317566851974066,-0.711088047263216,0.04219959255253311,-1.1163457241851757,0.5579924169208675,2.0743572118085654,ok
face_006.jpg,478,170.61774581734838,0.0,0.0,0.02304407985376032,1.0317075170273375,-0.4849854092524669,-0.4743049346577898,0.5150112405146401,-0.4768934582836772,-0.19501557345556983,-0.46913574769335514,0.21492621683564708,-0.4691822543934508,-0.28350780344329746,0.3935656351576431,0.3379270827506395,0.41632457313177695,-0.4791084610551625,-0.6833174423043002,0.5021273701727832,-0.6937730982705235,0.003063145592134553,-0.9911322225097284,0.6218514991833516,2.022938419622395,ok
face_007.jpg,478,170.19604493937743,0.0,0.0,0.1654571571074719,0.936288155383451,-0.44907436607850176,-0.4310637513545003,0.5441550668336894,-0.5472329968411065,-0.17585131893630065,-0.45885613531115554,0.24249673269609942,-0.506065962723492,-0.1886819812495046,0.4142500442717864,0.39964987820178305,0.3413455571580861,-0.48305204726882134,-0.6384138720550695,0.46249383370514435,-0.7493158242611961,-0.07458095293212717,-1.0717576000179119,0.5928317139684088,2.022341724352443,ok
face_008.jpg,478,166.72760101206438,0.0,0.0,-0.13841073971991513,1.0527774941094141,-0.6631516786645728,-0.43491246171631154,0.3328953459978343,-0.34608496225152857,-0.34237399795959356,-0.4027067486277493,0.054447935129501385,-0.3567516275226551,-0.45574974885403624,0.475994248491786,0.13081590191198783,0.48772596484970854,-0.578592054006157,-0.7348164763720029,0.37800546660392087,-0.6504910951175952,-0.04537012042962997,-0.9898993788610885,0.5866829602325877,2.0447946997697524,ok
face_009.jpg,478,154.0436569805375,0.0,0.0,-0.026419962727407827,1.0315239208647549,-0.3968657489805979,-0.5059018318725758,0.6028783678255208,-0.483281024823455,-0.1017545394469161,-0.4866649030078611,0.2836828071689072,-0.47888891896594965,-0.24549585750262107,0.41646180046039794,0.306958614400731,0.46028883420531963,-0.3851772158956611,-0.7985470057543855,0.5730290223783244,-0.7624502495367281,0.08750201657071671,-1.1287173551241076,0.5541901771169263,2.1632430718375573,ok
face_010.jpg,478,215.0998912491194,0.0,0.0,-0.06587688898353627,0.8218734416055311,-0.5515146799330675,-0.47016647648892784,0.44806102371391016,-0.4410389520721546,-0.24110198073570255,-0.4077477252164194,0.1591459584113366,-0.3997399576816346,-0.40446421257674964,0.3335491532374892,0.26011146943301056,0.3326999736639735,-0.5197284511674666,-0.7074448054830048,0.4724322031426688,-0.671744556349637,0.004908462436315404,-0.9557719510223692,0.664576224540636,1.7790541610380597,ok
face_011.jpg,478,203.3289192650093,0.0,0.0,0.0888227371417726,0.7811495437886795,-0.48536336694436333,-0.39194646577376147,0.5117834046780242,-0.46743365570059603,-0.19172772908193733,-0.38563786116146354,0.20230264683625088,-0.4114879918577014,-0.37864583288400816,0.24510008421413826,0.5081090397747138,0.1652620699399169,-0.4933434215522482,-0.6544883774868184,0.46709797567144445,-0.7383504521994203,-0.04658651273771338,-0.9430074565798292,0.8903416831235282,1.729466110356794,ok
face_012.jpg,478,177.37554787008563,0.0,0.0,0.025484607201970058,0.8589731141652124,-0.4858169792567723,-0.4299650309455409,0.5127432048952377,-0.48360791142658827,-0.20229906579510396,-0.43139868834312006,0.22399782548794195,-0.45054255739320626,-0.376850696106829,0.1994159851790503,0.42857289152019473,0.18194116704141344,-0.4894049631429896,-0.6841397475554112,0.46563536353082385,-0.7453083212644779,-0.02412931719482113,-1.0534613352120368,0.8056131359250105,1.9130779034474557,ok
face_013.jpg,478,175.12503660147976,0.0,0.0,-0.09016423515819605,0.7705637089170532,-0.6648221352037583,-0.46287713035887407,0.3316274864710034,-0.5470682906087733,-0.34183131758144775,-0.4784242392823771,0.06461703320235655,-0.5101413702086712,-0.43039431756002583,0.31948082922395327,0.1530906757540795,0.2918902661130472,-0.6042781114171104,-0.6989420424521977,0.3429953636318228,-0.7808589732782072,-0.08437011148001006,-1.0369933521849783,0.5841369502056332,1.8075663476091304,ok
face_014.jpg,478,154.59999740909586,0.0,0.0,-0.05605420675984527,0.952393854188274,-0.44557827308926934,-0.5369732080121384,0.5520733400572516,-0.4684804435319079,-0.13876784126631442,-0.49099483582621917,0.2361679386605981,-0.4623790396057022,-0.3026551093644421,0.3411017540768329,0.29775242792478573,0.38961081769135786,-0.40839672888707595,-0.774384854281351,0.5375986687457053,-0.6846936454834527,0.09315611167578795,-1.0918600144820967,0.6023639598170475,2.049692074117827,ok
face_015.jpg,478,162.65652668913935,0.0,0.0,0.1010826216255376,0.8584853033412677,-0.44310961935045096,-0.5280893148338359,0.5568093812889191,-0.5153617007462152,-0.13314885073074734,-0.49213331205348454,0.23567023959840028,-0.4957848203625878,-0.19850844109660168,0.28524721307286705,0.42552184461153536,0.27091147871100485,-0.4479878184321802,-0.7505186984356531,0.4877590940867401,-0.7219160068276952,0.0006669398678885478,-1.1207604616121594,0.6241949300985014,1.981791388423345,ok
face_016.jpg,478,188.73670892113742,0.0,0.0,0.043038693194999436,0.8238866127885967,-0.576368633448975,-0.30968390334607904,0.419830711603871,-0.39678651476663673,-0.27619114589001753,-0.3247477880796071,0.13475077790527662,-0.3612410713257339,-0.292687088133896,0.3543767381227107,0.28000362890555086,0.30584475836127856,-0.5918254471959197,-0.6577831494221151,0.4019852738068524,-0.7357985310139163,-0.10650194325379889,-0.9573018009756715,0.5747434300996574,1.787454773491509,ok
face_017.jpg,478,179.9349059061666,0.0,0.0,0.017415992407260147,0.8786534105223499,-0.5218132605312072,-0.44386599875959326,0.4776920551663144,-0.47531633885946595,-0.20789611136229652,-0.41617012220019994,0.16741970203549825,-0.4264171965346993,-0.2915809273230018,0.3346252585338311,0.3039956533065924,0.32608790359250894,-0.5133711683942763,-0.6957387765906352,0.4654973667829732,-0.7306284308794058,-0.03708985737526264,-1.0293307471070745,0.5956377672913578,1.9087625398213839,ok
face_018.jpg,478,245.94195115300784,0.0,0.0,-0.06937921538638787,0.8282017136078943,-0.6435551054736399,-0.41733389963676676,0.35566057159047576,-0.456932267144797,-0.3085622623160331,-0.38068620401419084,0.08104051351490073,-0.3979062876942427,-0.4204667932104534,0.3741819478310449,0.18042658332321732,0.36569500590997817,-0.6235632249508024,-0.6429465825406223,0.3854607555624161,-0.6581382667439298,-0.08938196251026638,-0.9432891865314985,0.6009533077912187,1.7716038268103786,ok
face_019.jpg,478,175.0842311237364,0.0,0.0,0.14061296798498316,0.8468471735772783,-0.4588283962317305,-0.4025504011300013,0.5340166752641419,-0.5219600490080354,-0.18206407671157535,-0.44059736005898936,0.22914812740986507,-0.4945279959131747,-0.25742645613198295,0.2205258559679638,0.4870736041190765,0.1779874646887536,-0.4573638793202989,-0.603793303008611,0.4324115544262077,-0.7076824107734598,-0.07364096003405038,-1.0478832298170544,0.7457143249572548,1.9068057182677094,ok
face_020.jpg,478,166.9332957523599,0.0,0.0,0.0331889269995214,1.0869232706712224,-0.542639031959658,-0.34185988080294205,0.45634943280054563,-0.38682706079069723,-0.2532816113047528,-0.3680491833271652,0.167887347427347,-0.37765623904519846,-0.30682521867624524,0.5144916425030361,0.30350990047050147,0.506043994387267,-0.5710472995079704,-0.615132513754276,0.46910262399604763,-0.6744426597143758,-0.061727588068954974,-0.9452655604057346,0.6103935782940064,2.0344042346561007,ok
face_021.jpg,478,178.90571282546188,0.0,0.0,-0.035403660626198014,0.9895201163630827,-0.576673571041502,-0.4096659213168281,0.423169706829186,-0.4273695846890865,-0.2701124893698101,-0.40799015642422176,0.13519999090535068,-0.4054785080593138,-0.39191392325295776,0.4049159218137754,0.26000985467404686,0.43018020460308914,-0.5775625427655912,-0.6746761514853031,0.4581836554799536,-0.6757780859036129,-0.04049641070820808,-0.975683843004291,0.6524131330770992,1.9652105581887658,ok
face_022.jpg,478,186.6893003470968,0.0,0.0,0.08537861848456021,0.852394991131564,-0.3629317415219342,-0.5038881382188573,0.6368792010529816,-0.4844438818057623,-0.08079207224973184,-0.4808450092124233,0.30918144780094786,-0.46987957642337047,-0.1662235410864542,0.29400534628983793,0.42087684062211433,0.3123733770885903,-0.3846802466620237,-0.7909997559969776,0.5785783299484254,-0.7657184512608162,0.06957861405486443,-1.0813453784677018,0.5873876426668939,1.9338049170373635,ok
face_023.jpg,478,161.88523812637473,0.0,0.0,-0.014384786379269973,0.940392043668816,-0.5844977947429192,-0.4727984629835786,0.4140135930847465,-0.5273421003620011,-0.25585544078509803,-0.4725223199324954,0.1180237344376557,-0.4903775915440078,-0.4214016535083736,0.32265092567507436,0.2958243539662824,0.2881845449687048,-0.5917551853793459,-0.763323113202925,0.4173058279775147,-0.8016838703229577,-0.07672689019298388,-1.1523245348432376,0.718053672922179,2.0936449593680195,ok
face_024.jpg,478,167.00145798122958,0.0,0.0,0.0680583705564162,0.9319860163616307,-0.6413732668791184,-0.41150435421535636,0.3473557938274754,-0.5612202335143034,-0.3288925115235348,-0.4444955716780481,0.06732403632258516,-0.5001018698969172,-0.3929586442256599,0.34109008941858276,0.2975072213688726,0.2728496129149366,-0.6672388214410387,-0.6409212982618875,0.33719045817116133,-0.7765010957984643,-0.18871992246378777,-1.0373880304495675,0.6938298596807806,1.986043611812159,ok
face_025.jpg,478,164.92661374218147,0.0,0.0,0.08041986852603131,1.0271301758055253,-0.47568091279572866,-0.4621582111054798,0.5234629849873648,-0.5035281461163912,-0.16331362382069634,-0.44313783406432783,0.2063547081821408,-0.4559575862149396,-0.2107470445072037,0.4041053730231359,0.3442345053531929,0.39997523710620875,-0.4994219298867091,-0.7394714607999725,0.49187256997954326,-0.7770964907830089,-0.03689672581344417,-1.0580720089056934,0.5549969177465224,2.088499780807231,ok
face_026.jpg,478,179.09049629907975,0.0,0.0,-0.05490451811086838,0.8810651784912398,-0.7033935946515919,-0.4486455413753682,0.2899814212056668,-0.5635632417987199,-0.3712328699245123,-0.48925985039029535,0.014243035057509894,-0.5291159570763162,-0.43091122060322107,0.3629354171520653,0.14599401883950794,0.30164284011115566,-0.6317817888113589,-0.6569457495557154,0.3047042422038577,-0.7645904487420823,-0.16158105520189894,-1.0874998267211389,0.5801520794557133,1.9714532871241324,ok
face_027.jpg,478,207.84710988413207,0.0,0.0,-0.04991893573143887,0.7828640540887615,-0.5608725535297333,-0.467029658504061,0.43878365795661295,-0.4932490947444805,-0.24681357357826839,-0.4433399240156087,0.13911800874540398,-0.4533860344271237,-0.35942010578908967,0.26743314153345255,0.219983066525036,0.2529678093311606,-0.5454342259930284,-0.6426269427549945,0.4320161674819157,-0.6505184486454333,-0.03836477443319902,-0.9970366687856922,0.5795837143358973,1.7799382241899038,ok
face_028.jpg,478,162.6780116251514,0.0,0.0,-0.013982809428992502,0.9537937850950758,-0.5856844330987214,-0.5071067372489905,0.4120114925857105,-0.5749509696691789,-0.27262169784206336,-0.5128785117125202,0.11623947811450101,-0.535804166134046,-0.33038899942822625,0.370745705938365,0.23437288142543616,0.3530203162289899,-0.59375422828104,-0.7299556946736346,0.42110625983287503,-0.804355148751093,-0.08522208759247461,-1.124745909545894,0.5650399733697746,2.0797601537079773,ok
face_029.jpg,478,199.0040768498774,0.0,0.0,0.017052179503611424,0.6769130129234445,-0.4207816115872238,-0.4892129960120211,0.5791729789331238,-0.47968320602042547,-0.13799943069973847,-0.47952517458108296,0.2440046450971004,-0.47605623285820187,-0.2869196924169095,0.06735868273906162,0.41173814285216803,0.07119703839513217,-0.38022207240305717,-0.7288591376062311,0.5174324484196641,-0.7071477294191473,0.05631791226129461,-1.0084605297473441,0.6986683789588706,1.6858308859739408,ok
face_030.jpg,478,177.30600655051245,0.0,0.0,0.11223314979249513,0.8692629451596415,-0.5320506610761401,-0.46305642862343294,0.46451791122338326,-0.5458276839291831,-0.245007536673385,-0.46662628300313075,0.16579559082257964,-0.49979322797063275,-0.19022123489495996,0.39114159994827785,0.346410703836045,0.34720206030026546,-0.5772302721764409,-0.75240004065803,0.4385821120990227,-0.8347134978784679,-0.11332628211543197,-1.094813468693757,0.5384278232137306,1.976985891901572,ok
face_031.jpg,478,192.1419808597875,0.0,0.0,0.09555531450831839,0.9402245730527484,-0.4935229063477718,-0.3561073640204748,0.5029715814278023,-0.4397658114893122,-0.20463296813195822,-0.3494491984725759,0.20125975351214548,-0.38258117855536017,-0.31262954846017155,0.31667719940311323,0.43859549500946826,0.26886515986157405,-0.5188008459253612,-0.6370809497098469,0.4589595286839426,-0.7079930796441325,-0.05960853393998402,-0.9319457077221389,0.7527450146371505,1.8785891993945905,ok
face_032.jpg,478,164.74270540251175,0.0,0.0,0.02647342736097265,1.0195171060983346,-0.5876535124127384,-0.3219764780598276,0.4107175694118967,-0.37903068891500974,-0.2929407121104833,-0.34018123454238997,0.1352767957306744,-0.35992761719575683,-0.3405898204945431,0.4993942121745576,0.29766612757859046,0.47724852327656975,-0.5992568461316808,-0.6426466950533438,0.41044413207683905,-0.6960710800990108,-0.09849927010770863,-0.9576596188683552,0.638640029114603,1.981122403301372,ok
face_033.jpg,478,170.23244391224202,0.0,0.0,-0.013730586971425552,0.9686162812925049,-0.6268029738014409,-0.4454419043874726,0.3706298743284739,-0.517049958902632,-0.3133294077371282,-0.4498511334617074,0.09547151811962479,-0.47739854084867256,-0.3569069889663089,0.40532042766683385,0.24708599045416768,0.403524225834383,-0.6064312299215004,-0.7046921594142272,0.409762145935617,-0.7528948374639487,-0.09282878001887544,-1.0607594001270282,0.603995650257721,2.030916586293087,ok
face_034.jpg,478,163.96532385600767,0.0,0.0,0.09208644346953261,1.0036061511916896,-0.5136825353837559,-0.3761436349610459,0.48072540440706873,-0.4817506862453606,-0.23142447581465306,-0.41709475595954715,0.20478939870363747,-0.4637732907391054,-0.2542793499563059,0.3902686973502635,0.3667855322761535,0.36416915581832554,-0.5091342568425921,-0.5615418096161664,0.43175247539615924,-0.6733167243816797,-0.07219659219087456,-1.0021643463913927,0.6216130420209955,2.0124870694691395,ok
face_035.jpg,478,173.83617329694354,0.0,0.0,0.11494173873559631,1.0593530316853448,-0.39864834399445864,-0.32240049963107864,0.5953758612055526,-0.43156037997402175,-0.11401862336627089,-0.3549301102854866,0.2760875917722451,-0.3955677417446653,-0.17466827971681312,0.48470518175475374,0.38737854314012177,0.4247864341926007,-0.4253977076126003,-0.6301393212436253,0.5269539350721346,-0.7678515315644049,0.008907043216876336,-0.9630219629025373,0.5652317112414976,2.02515282766217,ok
face_036.jpg,478,161.93069534280104,0.0,0.0,-0.02894366668181207,1.0419632481636032,-0.3217381544560159,-0.4722131984831187,0.6765498397607499,-0.4137231941860886,-0.049966825521623306,-0.4447481288531533,0.3708607953219544,-0.41585918222473117,-0.23271094046757396,0.42393893018698786,0.40830345081298397,0.4615934405759151,-0.30548743764558245,-0.7097842218481696,0.6319695408552717,-0.6647637309303644,0.1780506911538407,-1.043383674342908,0.6421193907533194,2.095595011299457,ok
face_037.jpg,478,183.55926330918405,0.0,0.0,0.0474826741423312,0.7037313899295975,-0.4349293544242179,-0.5639752118668545,0.5650686835311186,-0.5659561423243918,-0.1451222308114049,-0.5293970892761836,0.24036883615170077,-0.5320837901376971,-0.27617400853652463,0.1341656630494657,0.41432369242535705,0.14889210561607777,-0.43033922828788773,-0.7298911669183885,0.5024795340568773,-0.7273189284757392,0.01795713898124267,-1.0942704962676637,0.6906547206414446,1.7982442937475034,ok
face_038.jpg,478,178.46932766911166,0.0,0.0,-0.11968849328327386,0.8581037204196029,-0.632417643702161,-0.5457722389016799,0.36692210097375866,-0.5094394064898304,-0.30893195852483796,-0.5037325959380615,0.0837938498404886,-0.4934215371707246,-0.3833994848601975,0.3480900822819641,0.15542980923637115,0.3704915038559866,-0.5723079935802166,-0.8459646387228416,0.41870535262621106,-0.8283775577502537,-0.038865693190755994,-1.1158803618098998,0.5392947541606015,1.9756379936390793,ok
face_039.jpg,478,172.9819817993328,0.0,0.0,0.0008834617903804336,0.9630519706496468,-0.6029599997833882,-0.2703571647526997,0.39696449092283803,-0.28264589478855157,-0.2961605969674597,-0.30240346848980276,0.11583085801475555,-0.3008220795551813,-0.33211531524728255,0.474672524655799,0.2458130404140079,0.47151220185782766,-0.5605700610909472,-0.5740736764264213,0.35434980001733607,-0.5670701333741339,-0.10023190783251484,-0.9048956285995269,0.5779369964949037,1.8706823759031692,ok
