file,n_keypoints,kp_density,resp_mean,size_mean,x_mean,y_mean,x_std,y_std,desc_bit_mean,contrast_std,status
fp_synth_000.png,478,0.007293701171875,0.00029117316285971035,51.29406767011188,0.5079461987983731,0.4759991301776974,0.15533086390609277,0.1558035974616157,0.5168181223849372,0.29178074151198047,ok
fp_synth_001.png,459,0.0070037841796875,0.00037490568966248394,49.34366155553747,0.49505553876652436,0.48185644128353766,0.1553255798775419,0.15363229396935035,0.5017701525054467,0.29171839466292976,ok
fp_synth_002.png,470,0.007171630859375,0.0004233689675779618,50.512795533525185,0.48097544261749753,0.5245224447643503,0.14868264363590403,0.14677449503134543,0.5074551196808511,0.29168583634684075,ok
fp_synth_003.png,463,0.0070648193359375,0.00018430420066819388,50.05027789122085,0.4662807076911947,0.4851116122875049,0.1636257564199153,0.1704121868193232,0.5014933180345572,0.2919442887842027,ok
fp_synth_004.png,455,0.0069427490234375,0.00016932304295446207,49.47907230251438,0.47833019239561897,0.5052044828186978,0.17220633035480717,0.17728901150442897,0.4980339972527473,0.2921320795344197,ok
fp_synth_005.png,474,0.007232666015625,0.0003066045878653982,50.86767092032775,0.4867462126011587,0.4452971930808156,0.16509719823803565,0.15916720367631956,0.5168611550632911,0.2917114151951684,ok
fp_synth_006.png,479,0.0073089599609375,0.0003392457797996558,51.418878877834885,0.440637740965676,0.5002846156629989,0.15005291372299562,0.14606369331293678,0.515209094467641,0.29127583733269025,ok
fp_synth_007.png,454,0.006927490234375,0.0002829437215618201,48.860853506079856,0.5451793767150803,0.5266955273004356,0.1567287343113677,0.1483781909775529,0.5037599807268722,0.29205638005005174,ok
fp_synth_008.png,445,0.0067901611328125,0.0001680832479076783,48.51777107153046,0.483217004209422,0.40893646341361356,0.17377622353760813,0.15035190786602226,0.5012377106741573,0.29228805406104624,ok
fp_synth_009.png,445,0.0067901611328125,0.00021040921898279622,48.33749362216906,0.48627421350291605,0.5007420502686768,0.1751877756970319,0.1604884229938204,0.5013342696629214,0.2922401629490276,ok
fp_synth_010.png,463,0.0070648193359375,0.00021194522612924953,49.797038842483424,0.4780360051545417,0.46704370970988635,0.15586718441447245,0.1636404821683732,0.4978570464362851,0.2918627680586559,ok
fp_synth_011.png,478,0.007293701171875,0.0003653888832749255,51.29406767011188,0.4811105317276392,0.5060657912467813,0.13835265659889695,0.1489046975070079,0.5248430962343096,0.2911782872668775,ok
fp_synth_012.png,473,0.0072174072265625,0.0004360148805233286,50.74037501071019,0.4755631857896204,0.5088687925648739,0.15396543836376608,0.14915911163606452,0.5040053514799154,0.2919873207109479,ok
fp_synth_013.png,479,0.0073089599609375,0.00030663152225021977,51.418878877834885,0.5152669233233048,0.5091378261687114,0.1581355425506391,0.15833377344855692,0.5138145876826722,0.29172335188166737,ok
fp_synth_014.png,474,0.007232666015625,0.00041019791340703274,50.86767092032775,0.523573674858874,0.4688766948281461,0.15582624236987155,0.14481470462956395,0.5083481671940928,0.29221974716074395,ok
fp_synth_015.png,477,0.0072784423828125,0.0002725247124880273,51.168733144956065,0.4886917654010985,0.5051648798603682,0.15252607853110856,0.16408173663157555,0.5041764937106918,0.29192578135298985,ok
fp_synth_016.png,470,0.007171630859375,0.0003117634397876537,50.4734059435256,0.47909186295372375,0.44519685757287003,0.1609200506149489,0.14045386810234092,0.5209441489361702,0.2914405795793244,ok
fp_synth_017.png,472,0.0072021484375,0.00032317830519927755,50.61253971164509,0.46124942000892205,0.5433157064904601,0.14744067867144722,0.13188329141921656,0.503368313029661,0.2917331679128389,ok
fp_synth_018.png,468,0.00714111328125,0.0003135109096033705,50.41219884106236,0.46637137367939335,0.502944104723696,0.14640697609525208,0.15118018902321223,0.5096070379273504,0.29201569776567016,ok
fp_synth_019.png,473,0.0072174072265625,0.00033166602870529654,50.77951477244339,0.5326330202137441,0.5280591905684098,0.15141306481076686,0.13292315497549498,0.5095302589852009,0.2920302880972448,ok
fp_synth_020.png,476,0.00726318359375,0.0004483505828711484,51.042872004148336,0.5423906038225699,0.4846515888426484,0.1619530745835606,0.15063903305393075,0.5179720325630253,0.2913920688578772,ok
fp_synth_021.png,454,0.006927490234375,0.00028887105546255345,48.96959422443407,0.5359439510146426,0.5300264214760406,0.16407286076207625,0.17420624666293547,0.5008345952643172,0.292213063780945,ok
fp_synth_022.png,473,0.0072174072265625,0.00037185371823842046,50.896934057642994,0.48177803879560427,0.5430946793037036,0.1424080830219427,0.1546551056856322,0.5083245243128964,0.29205770447128077,ok
fp_synth_023.png,467,0.0071258544921875,0.00039312683115741827,50.16336423886154,0.4717386307501946,0.4719246232471323,0.15682821066423316,0.14533115980975642,0.5124631959314775,0.2920498525349349,ok
fp_synth_024.png,463,0.0070648193359375,0.00020358593998181306,49.877009068400504,0.520844907180022,0.46806583996081713,0.16250491747023318,0.16832843250858737,0.5055345572354212,0.2923318266357256,ok
fp_synth_025.png,471,0.0071868896484375,0.00034327996235045843,50.719997349311846,0.5606278234859434,0.4523469715867579,0.14383712218989597,0.1409793216975217,0.5092887473460722,0.2918927197459834,ok
fp_synth_026.png,467,0.0071258544921875,0.00037523869912117123,50.16336423886154,0.4935784415208298,0.5173406923225656,0.14238785964921868,0.13794726191883147,0.503186897751606,0.29223519881440285,ok
fp_synth_027.png,457,0.0069732666015625,0.00018631297669370966,49.51234582946911,0.5300500618550658,0.4563309808854723,0.16324895934091013,0.16005713605166993,0.49967519146608314,0.2923280709989898,ok
fp_synth_028.png,459,0.0070037841796875,0.00021104505466143126,49.63271878643493,0.47315449509485613,0.44424915401374593,0.1623584691169693,0.16648587507700063,0.49823835784313725,0.2920890330884765,ok
fp_synth_029.png,477,0.0072784423828125,0.0002688964327319235,51.278699191111436,0.46578016589772525,0.4910674910187971,0.17304012886295517,0.15082540657910146,0.5101218553459119,0.29173988135478324,ok
